A,A,C,A,C,A,T,A,C,A,T,C,T,G,A,C,C,T,C,G,G,C,G,G,C,G,A,C,G,A,G,T,T,C,T,A,T,C,G,C,T,T,G,C,A,T,A,A,C,T,T,A,C,T,A,G,G,A,A,A,A,A,G,T,G,G,A,A,C,C,G,G,C,T,C,G,G,G,T,T,,n=80
T,T,G,T,G,T,A,T,G,T,A,G,A,C,T,G,G,A,G,C,C,G,C,C,G,C,T,G,C,T,C,A,A,G,A,T,A,G,C,G,A,A,C,G,T,A,T,T,G,A,A,T,G,A,T,C,C,T,T,T,T,T,C,A,C,C,T,T,G,G,C,C,G,A,G,C,C,C,A,A,,s=20
,,2,2,1,1,,,,,8,8,1,1,,3,3,,4,4,22,22,3,3,4,4,,7,7,7,14,14,15,15,25,25,16,16,21,21,26,26,,,24,24,26,26,30,30,33,33,,35,35,58,58,38,38,42,42,46,46,,,,56,56,58,58,,,59,59,63,63,66,66,69,69,,
,,,,,,,,,,,,2,2,14,14,,5,5,,,9,9,21,21,5,5,,8,8,,27,27,,,24,24,17,17,23,23,,,,,25,25,29,29,,34,34,46,46,36,36,,39,39,43,43,47,47,,,61,61,57,57,63,63,,60,60,,64,64,67,67,,,
,,,,,,,,,,,6,6,,,,,7,7,7,,19,19,,,6,6,9,9,12,12,,,,34,34,,18,18,37,37,,,,,,27,27,36,36,,,52,52,37,37,62,62,40,40,44,44,51,51,,,69,69,64,64,,,,61,61,,68,68,68,,,
,,,,,,,,,,,13,13,,,,12,12,10,10,,,,,,15,15,10,10,13,13,,,,,,,19,19,,39,39,,,,,28,28,28,38,38,54,54,,60,60,,,41,41,45,45,54,54,,,,,65,65,65,,,62,62,,,70,70,70,,
,,,,,,,,,,,,,,,,,11,11,,,,,,18,18,,,11,11,29,29,,,,,20,20,20,,41,41,,,,33,33,31,31,31,,55,55,55,,,,,,,48,48,48,,,,,,66,66,,,,,65,65,65,,72,72,,
,,,,,,,,,,,,,,,,,,,,,,,,,,,,16,16,28,28,28,,,,,,22,22,43,43,,,,,32,32,32,32,,,,,,,,,,,49,49,49,49,,,,67,67,,,,,,,,71,71,71,71,,
,,,,,,,,,,,,,,,,,,,,,,,,,,,17,17,23,23,,,,,,,,,,45,45,,,,35,35,51,51,40,40,,,,,,,,,,,50,50,50,,,,68,68,68,,,,,,,,,,,,
,,,,,,,,,,,,,,,,,,,,,,,,,,,20,20,20,,,,,,,,,,,,,,,,,,,,42,42,,,,,,,,,,,52,52,,,,70,70,70,,,,,,,,,,,,,
,,,,,,,,,,,,,,,,,,,,,,,,,,,,,30,30,,,,,,,,,,,,,,,,,,,44,44,,,,,,,,,,,53,53,,,,71,71,71,71,,,,,,,,,,,,
,,,,,,,,,,,,,,,,,,,,,,,,,,,,,31,31,31,,,,,,,,,,,,,,,,,47,47,,,,,,,,,,,,55,55,55,,,,,,,,,,,,,,,,,,
,,,,,,,,,,,,,,,,,,,,,,,,,,,,,32,32,32,32,,,,,,,,,,,,,,,,48,48,48,,,,,,,,,,72,72,57,57,,,,,,,,,,,,,,,,,,
,,,,,,,,,,,,,,,,,,,,,,,,,,,,,,,,,,,,,,,,,,,,,,,49,49,49,49,,,,,,,,,,,59,59,,,,,,,,,,,,,,,,,,,
,,,,,,,,,,,,,,,,,,,,,,,,,,,,,,,,,,,,,,,,,,,,,,,50,50,50,,,,,,,,,,,,,,,,,,,,,,,,,,,,,,,,
,,,,,,,,,,,,,,,,,,,,,,,,,,,,,,,,,,,,,,,,,,,,,,,,53,53,,,,,,,,,,,,,,,,,,,,,,,,,,,,,,,,
,,,,,,,,,,,,,,,,,,,,,,,,,,,,,,,,,,,,,,,,,,,,,,,,,56,56,,,,,,,,,,,,,,,,,,,,,,,,,,,,,,,
